# Date: 20201210,,,,,
# Operator: RDP,,,,,
# Notes: Old rig, plated,Mount 1,,,
# Tap_cm: 5.0,,,,,
# Sample: SOX 447-C (2-316) 1,,,,,
# Fit of Tap:,,,,,
"#	Ic = 154 +/- 0.091 A",,,,,
"#	n = 50.8 +/- 1.6 ",,,,,
"#	Vc = 5 uV",,,,,
"#	Vfloor = 1.56 +/- 0.01 uV",,,,,
"#	R = 0.00116 +/- 0.00013 Ohms",,,,,
Tap [uV],Shunt [A],Supply [A],Time [S],Hall [A],Cernox [T]
1.4,0.23,0,0.043406,43.37812,0.275314
1.3,0.29,0.166667,0.067122,42.35344,0.271619
1.6,0.35,0.333333,0.075927,42.695,0.273466
1.7,0.51,0.5,0.091907,42.695,0.275314
1.5,0.65,0.666667,0.111773,43.29273,0.267923
1.6,0.77,0.833333,0.124282,42.43883,0.264228
1.4,0.99,1,0.145852,43.5489,0.251293
1.4,1.05,1.166667,0.157776,42.35344,0.269771
1.5,1.21,1.333333,0.172343,42.01188,0.266075
1.2,1.43,1.5,0.188619,42.26805,0.271619
1.3,1.57,1.666667,0.207279,42.43883,0.269771
1.5,1.67,1.833333,0.220911,41.49954,0.269771
1.5,1.89,2,0.236239,41.41415,0.273466
1.4,1.89,2.166667,0.252864,41.67032,0.271619
1.3,2.25,2.333333,0.267972,41.75571,0.273466
1.4,2.39,2.5,0.289017,42.01188,0.277162
1.4,2.45,2.666667,0.300283,42.35344,0.267923
1.4,2.67,2.833333,0.316385,42.43883,0.266075
1.6,2.71,3,0.332463,42.60961,0.267923
1.4,2.87,3.166667,0.348445,42.95117,0.267923
1.5,3.05,3.333333,0.364468,43.12195,0.267923
1.5,3.17,3.5,0.380452,42.95117,0.266075
1.3,3.75,3.666667,0.405891,43.20734,0.271619
1.3,3.51,3.833333,0.42249,42.18266,0.271619
1.3,3.65,4,0.436774,41.49954,0.273466
1.5,3.73,4.166667,0.444467,43.37812,0.275314
1.4,4.03,4.333333,0.461701,42.09727,0.288248
1.6,4.11,4.5,0.475794,43.12195,0.269771
1.7,4.31,4.666667,0.491779,43.03656,0.269771
1.6,4.47,4.833333,0.507901,42.695,0.280857
1.4,4.61,5,0.524018,42.52422,0.267923
1.5,4.79,5.166667,0.540001,42.01188,0.275314
1.4,4.97,5.333333,0.55605,41.49954,0.266075
1.5,5.09,5.5,0.572115,41.92649,0.271619
1.5,5.27,5.666667,0.589761,43.46351,0.267923
1.5,5.43,5.833333,0.616345,42.52422,0.269771
1.5,5.45,6,0.623101,42.26805,0.269771
1.6,5.67,6.166667,0.63615,41.67032,0.273466
1.5,5.89,6.333333,0.652161,42.09727,0.266075
1.5,6.19,6.5,0.668721,41.67032,0.267923
1.4,6.17,6.666667,0.683907,42.09727,0.269771
1.4,6.37,6.833333,0.700021,42.43883,0.269771
1.3,6.23,7,0.720463,41.15798,0.275314
1.5,6.49,7.166667,0.731917,42.95117,0.271619
1.5,6.75,7.333333,0.74823,43.03656,0.271619
1.4,6.91,7.5,0.766586,42.60961,0.238359
1.4,7.05,7.666667,0.779684,43.46351,0.267923
1.5,7.21,7.833333,0.796078,43.37812,0.266075
1.3,7.39,8,0.811704,43.29273,0.273466
1.5,7.45,8.166667,0.82811,43.03656,0.266075
1.5,7.65,8.333333,0.844179,43.37812,0.266075
1.1,7.85,8.5,0.860193,43.37812,0.273466
1.5,7.99,8.666667,0.876287,43.37812,0.27901
1.4,8.15,8.833333,0.89228,42.86578,0.267923
1.3,8.29,9,0.910295,43.37812,0.277162
1.5,8.45,9.166667,0.923585,42.18266,0.282705
1.4,8.63,9.333333,0.939617,42.09727,0.271619
1.5,8.75,9.5,0.955851,42.01188,0.266075
1.6,8.89,9.666667,0.971885,42.01188,0.271619
1.4,9.07,9.833333,0.988043,41.8411,0.271619
1.6,9.29,10,1.016246,44.14663,0.269771
1.5,9.29,10.166667,1.023539,42.26805,0.273466
1.5,9.33,10.333333,1.036687,41.58493,0.275314
1.6,9.95,10.5,1.051927,41.8411,0.269771
1.5,9.87,10.666667,1.069879,41.41415,0.271619
1.4,9.99,10.833333,1.084163,41.92649,0.258684
1.4,10.17,11,1.100136,42.01188,0.267923
1.1,10.21,11.166667,1.116202,42.52422,0.267923
1.4,10.43,11.333333,1.132193,42.695,0.271619
1.9,10.53,11.5,1.148286,42.86578,0.273466
1.7,10.73,11.666667,1.164751,44.23202,0.267923
1.4,10.89,11.833333,1.179785,43.29273,0.266075
1.3,11.09,12,1.19603,43.29273,0.295639
1.5,11.23,12.166667,1.211664,43.46351,0.288248
1.5,11.31,12.333333,1.228345,43.46351,0.266075
1.4,11.55,12.5,1.244338,43.63429,0.253141
1.4,11.69,12.666667,1.260289,43.46351,0.267923
1.7,11.77,12.833333,1.276376,43.37812,0.267923
1.5,11.93,13,1.292359,43.37812,0.273466
1.7,12.17,13.166667,1.310891,43.5489,0.310421
1.8,12.25,13.333333,1.324701,43.03656,0.275314
1.5,12.49,13.5,1.339742,42.35344,0.273466
1.6,12.63,13.666667,1.357664,42.78039,0.267923
1.6,12.77,13.833333,1.371749,42.01188,0.273466
1.4,12.93,14,1.388168,42.01188,0.273466
1.4,13.27,14.166667,1.405924,42.26805,0.238359
1.8,13.25,14.333333,1.420068,41.92649,0.267923
1.4,13.35,14.5,1.436077,41.67032,0.267923
1.5,13.55,14.666667,1.452065,41.58493,0.273466
1.7,13.97,14.833333,1.46906,41.67032,0.260532
1.3,13.79,15,1.484758,41.8411,0.275314
1.4,13.93,15.166667,1.500899,43.46351,0.269771
1.4,14.13,15.333333,1.516712,42.18266,0.275314
1.6,14.27,15.5,1.531939,42.78039,0.267923
1.4,14.39,15.666667,1.54843,42.09727,0.267923
1.7,14.49,15.833333,1.564753,42.95117,0.267923
1.5,14.73,16,1.57999,43.37812,0.264228
1.5,14.89,16.166667,1.596284,43.5489,0.271619
1.6,15.13,16.333333,1.622534,42.43883,0.271619
1.5,15.11,16.5,1.629446,43.29273,0.269771
1.6,15.35,16.666667,1.644522,43.63429,0.264228
1.3,15.51,16.833333,1.66265,43.5489,0.269771
1.4,15.63,17,1.675979,42.95117,0.269771
1.4,15.83,17.166667,1.692013,43.37812,0.267923
1.9,15.99,17.333333,1.708175,43.03656,0.275314
1.8,16.17,17.5,1.724248,42.86578,0.26238
1.5,16.27,17.666667,1.740362,42.52422,0.269771
1.6,16.45,17.833333,1.756419,42.52422,0.271619
1.5,16.59,18,1.772545,42.35344,0.267923
1.5,16.75,18.166667,1.788778,42.35344,0.267923
1.4,16.95,18.333333,1.806057,42.01188,0.269771
1.6,17.11,18.5,1.821805,41.92649,0.267923
1.5,17.19,18.666667,1.835967,41.41415,0.275314
1.5,17.35,18.833333,1.85202,41.49954,0.267923
1.5,17.21,19,1.868708,41.58493,0.266075
1.6,17.67,19.166667,1.883706,41.92649,0.275314
1.3,17.85,19.333333,1.899794,42.52422,0.267923
1.6,17.99,19.5,1.921882,42.09727,0.269771
1.4,18.09,19.666667,1.932399,42.52422,0.267923
1.4,18.27,19.833333,1.953425,42.01188,0.277162
1.6,18.55,20,1.96428,42.86578,0.266075
1.4,18.53,20.166667,1.980595,43.03656,0.271619
1.5,18.73,20.333333,1.995923,43.03656,0.269771
1.5,18.95,20.5,2.011957,43.63429,0.273466
1.4,19.01,20.666667,2.028552,43.37812,0.269771
1.4,19.23,20.833333,2.04391,43.46351,0.269771
1.3,19.37,21,2.060282,43.37812,0.297487
1.5,19.51,21.166667,2.076212,43.20734,0.271619
1.7,19.63,21.333333,2.093089,43.5489,0.271619
1.5,19.55,21.5,2.108975,43.46351,0.275314
1.8,19.97,21.666667,2.123983,42.695,0.266075
1.4,20.13,21.833333,2.139964,42.35344,0.273466
1.4,20.31,22,2.156042,42.35344,0.264228
1.7,20.45,22.166667,2.172048,42.18266,0.269771
1.5,20.57,22.333333,2.188182,42.01188,0.267923
1.3,20.89,22.5,2.217227,43.12195,0.284553
1.3,20.77,22.666667,2.225582,43.12195,0.271619
1.6,20.97,22.833333,2.235561,41.58493,0.275314
1.5,21.15,23,2.252737,42.95117,0.264228
1.8,21.33,23.166667,2.271088,42.695,0.275314
1.6,21.43,23.333333,2.284345,41.67032,0.260532
1.4,21.53,23.5,2.300352,41.92649,0.269771
1.5,21.81,23.666667,2.316358,42.01188,0.267923
1.5,21.91,23.833333,2.33239,42.18266,0.266075
1.5,22.03,24,2.348464,42.43883,0.267923
1.5,22.11,24.166667,2.36457,42.78039,0.273466
1.6,22.35,24.333333,2.379691,43.20734,0.266075
1.6,22.51,24.5,2.395775,43.46351,0.277162
1.5,22.71,24.666667,2.411938,43.46351,0.273466
1.6,22.91,24.833333,2.429716,43.12195,0.230968
1.7,22.99,25,2.443709,43.29273,0.271619
1.3,22.99,25.166667,2.459783,43.46351,0.271619
1.8,23.13,25.333333,2.476359,43.5489,0.267923
1.5,23.43,25.5,2.492338,43.37812,0.269771
1.5,23.63,25.666667,2.510318,43.29273,0.267923
1.6,23.85,25.833333,2.526091,42.35344,0.267923
1.6,23.91,26,2.540324,42.78039,0.277162
1.5,24.05,26.166667,2.564376,43.37812,0.266075
1.5,23.81,26.333333,2.571958,42.35344,0.260532
1.5,24.35,26.5,2.588062,41.92649,0.273466
1.5,24.55,26.666667,2.606073,41.8411,0.271619
1.5,24.67,26.833333,2.62011,41.8411,0.271619
1.4,24.75,27,2.636272,41.49954,0.271619
1.7,24.93,27.166667,2.652318,41.58493,0.273466
1.9,25.15,27.333333,2.66837,41.75571,0.271619
1.3,25.17,27.5,2.684043,41.75571,0.275314
1.5,25.37,27.666667,2.70021,41.67032,0.271619
1.4,25.95,27.833333,2.717632,40.90181,0.280857
1.4,25.65,28,2.731642,42.78039,0.271619
1.7,25.81,28.166667,2.74776,42.95117,0.269771
1.5,25.93,28.333333,2.764028,42.78039,0.256837
1.6,26.15,28.5,2.780081,42.86578,0.258684
1.7,26.35,28.666667,2.796288,43.63429,0.275314
1.9,26.49,28.833333,2.820461,42.01188,0.269771
1.6,26.95,29,2.828432,44.31741,0.264228
1.6,26.79,29.166667,2.844638,43.46351,0.269771
1.6,27.01,29.333333,2.860013,43.97585,0.269771
1.5,27.19,29.5,2.88188,42.26805,0.258684
1.7,27.25,29.666667,2.891779,43.37812,0.273466
1.8,27.35,29.833333,2.907894,43.03656,0.271619
1.6,27.57,30,2.923973,42.95117,0.273466
1.8,27.73,30.166667,2.939997,42.60961,0.269771
1.6,27.87,30.333333,2.956031,42.26805,0.267923
1.5,28.03,30.5,2.972103,42.60961,0.266075
1.5,28.15,30.666667,2.988331,42.09727,0.269771
1.7,28.43,30.833333,3.006639,42.43883,0.269771
1.7,28.49,31,3.020944,41.15798,0.266075
1.5,28.63,31.166667,3.036013,41.67032,0.290096
1.8,28.75,31.333333,3.052033,41.58493,0.273466
1.5,28.93,31.5,3.068074,41.67032,0.271619
1.8,29.05,31.666667,3.084124,41.8411,0.264228
1.5,29.21,31.833333,3.100138,42.18266,0.273466
1.7,29.35,32,3.117113,42.01188,0.273466
1.6,29.39,32.166667,3.133869,41.58493,0.264228
1.5,29.69,32.333333,3.148007,42.60961,0.269771
1.9,30.03,32.5,3.165425,42.60961,0.266075
1.9,30.01,32.666667,3.179706,42.95117,0.275314
1.8,30.19,32.833333,3.195764,42.695,0.269771
1.7,30.31,33,3.211866,43.29273,0.267923
1.6,30.45,33.166667,3.228049,43.46351,0.223577
1.5,30.65,33.333333,3.244077,43.20734,0.264228
1.7,30.71,33.5,3.260138,43.5489,0.275314
1.6,30.89,33.666667,3.277655,43.97585,0.277162
1.6,31.07,33.833333,3.29184,43.20734,0.267923
1.6,31.23,34,3.308097,43.03656,0.275314
1.6,31.29,34.166667,3.324801,43.12195,0.269771
1.6,31.55,34.333333,3.340235,42.35344,0.271619
1.6,31.69,34.5,3.356348,42.52422,0.271619
1.7,31.85,34.666667,3.372348,42.43883,0.267923
1.5,31.85,34.833333,3.395178,43.37812,0.266075
1.8,32.15,35,3.418201,42.01188,0.271619
1.6,32.23,35.166667,3.425617,44.91514,0.267923
1.6,32.43,35.333333,3.436383,41.92649,0.266075
1.7,32.51,35.5,3.452419,41.75571,0.269771
1.7,32.73,35.666667,3.468747,42.01188,0.271619
1.7,32.93,35.833333,3.485384,41.67032,0.273466
1.3,33.01,36,3.500402,41.67032,0.269771
1.6,33.27,36.166667,3.516521,41.49954,0.271619
1.7,33.31,36.333333,3.532506,42.01188,0.269771
1.6,33.47,36.5,3.549027,42.43883,0.275314
1.5,33.67,36.666667,3.564042,42.95117,0.264228
1.8,33.77,36.833333,3.583073,41.32876,0.271619
1.9,33.93,37,3.596236,42.95117,0.269771
1.6,34.17,37.166667,3.612331,43.29273,0.291944
1.6,34.25,37.333333,3.628178,43.20734,0.264228
1.7,34.39,37.5,3.644177,43.5489,0.256837
1.7,34.57,37.666667,3.660175,43.46351,0.271619
1.9,34.75,37.833333,3.676255,43.46351,0.264228
1.7,34.91,38,3.692282,43.37812,0.264228
1.6,34.99,38.166667,3.711077,43.46351,0.277162
1.7,35.15,38.333333,3.726756,42.78039,0.269771
1.8,35.31,38.5,3.740571,42.60961,0.273466
1.6,35.53,38.666667,3.7556,42.18266,0.273466
1.8,35.71,38.833333,3.774108,43.37812,0.242055
1.5,35.81,39,3.78816,42.35344,0.271619
2.1,35.99,39.166667,3.806611,42.78039,0.273466
1.5,36.11,39.333333,3.819671,41.8411,0.271619
1.8,36.41,39.5,3.835977,41.41415,0.271619
1.7,36.41,39.666667,3.852001,41.75571,0.266075
1.6,36.57,39.833333,3.868037,41.75571,0.267923
1.8,37.07,40,3.885753,41.67032,0.266075
1.8,36.89,40.166667,3.899822,41.8411,0.275314
1.6,36.97,40.333333,3.916605,43.71968,0.273466
1.7,37.15,40.5,3.931894,42.60961,0.26238
1.7,37.29,40.666667,3.947934,42.35344,0.275314
1.7,37.47,40.833333,3.963988,42.695,0.266075
1.7,37.63,41,3.979983,42.695,0.266075
1.7,37.75,41.166667,3.996038,42.78039,0.271619
1.8,37.99,41.333333,4.019745,41.92649,0.275314
1.6,37.99,41.5,4.027626,43.37812,0.267923
1.6,38.21,41.666667,4.044475,43.46351,0.260532
1.8,38.37,41.833333,4.060516,43.5489,0.264228
1.6,38.61,42,4.076683,43.5489,0.267923
1.5,38.71,42.166667,4.093215,43.37812,0.269771
1.6,38.81,42.333333,4.108258,43.37812,0.267923
1.7,38.99,42.5,4.124294,43.20734,0.264228
1.7,39.15,42.666667,4.140515,43.03656,0.282705
1.8,39.31,42.833333,4.156597,42.695,0.269771
1.5,39.45,43,4.171564,42.35344,0.27901
1.7,39.87,43.166667,4.188868,41.58493,0.277162
1.7,39.75,43.333333,4.206547,42.695,0.273466
1.6,39.89,43.5,4.221131,43.89046,0.271619
1.7,40.23,43.666667,4.236488,40.73103,0.264228
1.8,40.21,43.833333,4.25254,41.67032,0.269771
1.9,40.35,44,4.268665,41.75571,0.27901
1.7,40.53,44.166667,4.283667,41.58493,0.284553
1.5,40.69,44.333333,4.299699,41.75571,0.277162
1.8,40.83,44.5,4.316591,41.75571,0.271619
1.6,40.89,44.666667,4.332044,41.8411,0.267923
1.3,41.15,44.833333,4.348397,41.92649,0.267923
1.4,41.33,45,4.364461,42.35344,0.26238
1.7,41.45,45.166667,4.381972,42.43883,0.267923
1.8,41.51,45.333333,4.396327,42.60961,0.243902
1.6,41.73,45.5,4.41183,43.29273,0.273466
1.7,41.85,45.666667,4.427918,43.29273,0.267923
1.8,42.07,45.833333,4.443948,43.46351,0.271619
1.7,42.21,46,4.46,43.63429,0.256837
1.7,42.35,46.166667,4.476042,43.20734,0.269771
1.4,42.55,46.333333,4.492356,43.46351,0.269771
1.5,42.67,46.5,4.508669,43.37812,0.273466
1.8,42.81,46.666667,4.523742,43.03656,0.27901
1.6,42.89,46.833333,4.540641,43.12195,0.269771
1.7,43.11,47,4.55595,42.18266,0.273466
1.7,43.25,47.166667,4.572172,42.78039,0.267923
1.7,43.51,47.333333,4.588471,42.43883,0.271619
1.8,43.63,47.5,4.618402,41.75571,0.271619
1.5,43.67,47.666667,4.625359,43.29273,0.271619
1.8,43.87,47.833333,4.636518,41.92649,0.267923
1.7,43.93,48,4.655395,42.60961,0.282705
1.8,44.03,48.166667,4.667981,41.8411,0.277162
1.8,44.29,48.333333,4.684189,41.8411,0.269771
1.8,44.51,48.5,4.709743,43.80507,0.249446
1.8,44.57,48.666667,4.716488,41.8411,0.266075
1.7,44.75,48.833333,4.732479,41.75571,0.26238
1.6,44.91,49,4.748946,42.01188,0.269771
1.8,44.89,49.166667,4.764869,42.26805,0.264228
1.7,45.25,49.333333,4.779859,42.52422,0.271619
1.8,45.39,49.5,4.795879,42.60961,0.269771
1.9,45.49,49.666667,4.812533,42.95117,0.266075
1.8,45.67,49.833333,4.828732,43.12195,0.269771
1.7,45.85,50,4.845511,43.03656,0.269771
1.5,46.07,50.166667,4.85984,43.63429,0.267923
1.5,46.21,50.333333,4.875839,42.86578,0.269771
1.7,46.29,50.5,4.891836,43.46351,0.275314
1.9,46.45,50.666667,4.910419,43.37812,0.234664
1.5,46.57,50.833333,4.924001,43.20734,0.264228
1.8,46.75,51,4.940005,42.95117,0.275314
1.6,46.29,51.166667,4.957562,41.24337,0.295639
1.8,47.07,51.333333,4.971801,42.26805,0.269771
1.6,47.31,51.5,4.988086,42.26805,0.269771
1.6,47.43,51.666667,5.008903,43.97585,0.266075
1.6,47.51,51.833333,5.020693,42.09727,0.267923
1.7,47.65,52,5.035888,41.58493,0.269771
1.6,47.81,52.166667,5.051987,41.75571,0.269771
1.7,47.73,52.333333,5.068155,41.58493,0.275314
1.8,48.07,52.5,5.084175,41.67032,0.267923
1.8,48.31,52.666667,5.100152,41.67032,0.267923
1.6,48.45,52.833333,5.116277,41.75571,0.271619
1.7,48.59,53,5.13229,41.92649,0.266075
1.7,48.75,53.166667,5.150584,42.01188,0.236511
1.5,48.89,53.333333,5.163615,42.52422,0.267923
1.6,49.03,53.5,5.179645,42.60961,0.267923
1.9,49.23,53.666667,5.195671,42.35344,0.273466
1.4,49.43,53.833333,5.220342,42.18266,0.267923
1.6,49.41,54,5.228243,42.95117,0.271619
1.8,49.61,54.166667,5.244253,43.46351,0.256837
1.8,49.71,54.333333,5.260252,43.46351,0.271619
1.7,49.95,54.5,5.27637,43.12195,0.267923
1.6,50.13,54.666667,5.29244,42.95117,0.267923
1.9,50.19,54.833333,5.316734,45.08592,0.275314
1.8,49.95,55,5.324843,43.37812,0.271619
1.4,50.55,55.166667,5.34007,43.03656,0.269771
1.9,50.73,55.333333,5.356436,42.52422,0.267923
1.9,50.85,55.5,5.373182,42.43883,0.269771
1.8,51.39,55.666667,5.388606,42.35344,0.271619
1.7,51.11,55.833333,5.4076,43.20734,0.267923
1.6,50.99,56,5.420685,42.09727,0.269771
1.7,51.47,56.166667,5.435758,41.41415,0.273466
1.6,51.49,56.333333,5.457869,43.37812,0.267923
1.8,51.87,56.5,5.468225,41.49954,0.269771
1.6,51.95,56.666667,5.484461,41.58493,0.269771
1.7,52.07,56.833333,5.500686,41.92649,0.275314
1.9,52.01,57,5.518757,41.92649,0.271619
1.6,52.45,57.166667,5.532467,42.01188,0.267923
1.9,52.49,57.333333,5.548952,42.43883,0.271619
1.8,52.67,57.5,5.565503,44.06124,0.254989
1.8,52.87,57.666667,5.579725,43.03656,0.273466
1.7,53.05,57.833333,5.595823,42.52422,0.275314
1.5,53.21,58,5.620741,42.43883,0.267923
1.7,53.19,58.166667,5.627404,43.5489,0.273466
1.5,53.57,58.333333,5.644409,43.03656,0.264228
1.6,53.61,58.5,5.6604,43.29273,0.266075
1.9,53.83,58.666667,5.677023,43.20734,0.267923
1.7,53.97,58.833333,5.69204,43.29273,0.273466
1.7,54.13,59,5.708169,43.46351,0.269771
1.7,54.33,59.166667,5.729945,42.52422,0.269771
1.6,54.47,59.333333,5.739926,42.95117,0.269771
1.8,54.55,59.5,5.759765,43.63429,0.275314
1.9,54.71,59.666667,5.772343,42.60961,0.277162
1.6,54.91,59.833333,5.788488,42.60961,0.273466
1.5,55.03,60,5.818372,41.41415,0.269771
1.5,55.27,60.166667,5.825301,43.03656,0.271619
1.8,55.25,60.333333,5.836396,41.75571,0.269771
1.8,55.49,60.5,5.852538,42.01188,0.271619
1.7,55.61,60.666667,5.871974,41.15798,0.273466
1.9,55.85,60.833333,5.884112,41.58493,0.271619
1.6,55.89,61,5.900173,41.75571,0.275314
1.9,56.29,61.166667,5.918586,41.8411,0.269771
1.9,56.27,61.333333,5.931865,41.92649,0.273466
1.8,56.47,61.5,5.947946,42.18266,0.269771
1.8,56.57,61.666667,5.964016,41.41415,0.260532
1.4,56.69,61.833333,5.980471,42.09727,0.266075
1.5,56.89,62,5.99652,42.695,0.267923
1.5,57.05,62.166667,6.012285,42.86578,0.271619
1.6,56.99,62.333333,6.029727,42.695,0.269771
1.8,57.37,62.5,6.04392,43.20734,0.266075
1.8,57.89,62.666667,6.066547,44.57358,0.275314
1.6,57.61,62.833333,6.075922,43.63429,0.271619
1.5,57.85,63,6.091956,43.37812,0.266075
1.8,57.99,63.166667,6.109815,43.37812,0.271619
1.7,58.13,63.333333,6.124388,43.46351,0.251293
1.5,58.21,63.5,6.140597,43.20734,0.267923
1.8,58.43,63.666667,6.155609,42.95117,0.271619
1.6,58.51,63.833333,6.173441,41.75571,0.27901
1.8,58.67,64,6.188688,42.78039,0.271619
1.8,58.89,64.166667,6.206723,43.03656,0.269771
1.4,59.09,64.333333,6.221709,42.60961,0.264228
1.8,59.13,64.5,6.235747,41.67032,0.271619
1.7,59.33,64.666667,6.251761,41.75571,0.275314
1.7,59.11,64.833333,6.267988,41.8411,0.277162
1.8,59.67,65,6.283988,41.75571,0.271619
1.5,59.77,65.166667,6.299997,41.75571,0.280857
1.8,59.91,65.333333,6.315982,41.58493,0.273466
1.7,60.15,65.5,6.332034,41.8411,0.269771
1.7,60.25,65.666667,6.348108,41.92649,0.271619
1.8,60.39,65.833333,6.364101,42.01188,0.260532
1.6,60.55,66,6.380142,42.18266,0.266075
1.7,60.71,66.166667,6.396258,42.26805,0.269771
1.7,60.93,66.333333,6.421004,42.26805,0.273466
1.8,60.87,66.5,6.429323,42.60961,0.26238
1.7,61.05,66.666667,6.444659,42.86578,0.269771
1.6,61.37,66.833333,6.459719,43.12195,0.269771
1.7,61.49,67,6.475719,42.78039,0.266075
1.7,61.71,67.166667,6.491851,43.20734,0.267923
1.6,61.79,67.333333,6.507999,43.20734,0.267923
1.8,62.01,67.5,6.524084,43.20734,0.269771
1.5,62.13,67.666667,6.540075,43.12195,0.267923
1.7,62.27,67.833333,6.556061,42.695,0.271619
1.9,62.43,68,6.572054,42.86578,0.273466
1.7,62.61,68.166667,6.588205,42.60961,0.26238
1.5,62.71,68.333333,6.612209,42.43883,0.267923
1.7,62.81,68.5,6.620005,42.35344,0.269771
1.6,62.95,68.666667,6.650238,39.79174,0.275314
1.6,63.09,68.833333,6.657164,43.37812,0.26238
1.8,63.27,69,6.669209,41.75571,0.286401
1.6,63.43,69.166667,6.684956,41.24337,0.269771
1.6,63.55,69.333333,6.700268,41.41415,0.267923
1.8,63.71,69.5,6.71774,41.58493,0.271619
1.8,63.85,69.666667,6.732458,41.58493,0.266075
1.7,64.05,69.833333,6.748827,41.58493,0.273466
1.5,64.31,70,6.764152,41.92649,0.264228
1.3,64.39,70.166667,6.780466,42.01188,0.290096
1.6,64.41,70.333333,6.796047,42.35344,0.271619
1.6,64.77,70.5,6.812135,42.52422,0.266075
1.5,64.83,70.666667,6.829817,42.09727,0.264228
1.8,65.01,70.833333,6.844185,43.12195,0.260532
1.5,65.15,71,6.860408,42.95117,0.269771
1.7,65.35,71.166667,6.876704,42.95117,0.273466
1.7,65.51,71.333333,6.891926,43.46351,0.271619
1.6,65.63,71.5,6.908244,43.29273,0.269771
1.7,65.77,71.666667,6.924511,42.95117,0.258684
1.5,65.91,71.833333,6.940766,43.37812,0.271619
1.9,66.09,72,6.956191,43.29273,0.264228
1.6,66.19,72.166667,6.972438,42.95117,0.269771
1.7,66.33,72.333333,6.988801,42.95117,0.269771
1.9,66.55,72.5,7.018157,41.92649,0.269771
1.6,66.59,72.666667,7.02532,43.46351,0.269771
1.8,66.89,72.833333,7.040158,43.03656,0.267923
1.6,66.87,73,7.052617,42.01188,0.267923
1.4,67.15,73.166667,7.068027,41.75571,0.267923
1.9,67.25,73.333333,7.084844,42.09727,0.267923
1.5,67.45,73.5,7.100194,41.67032,0.273466
1.7,67.55,73.666667,7.116476,41.49954,0.266075
1.6,67.69,73.833333,7.132759,41.92649,0.258684
1.6,67.83,74,7.148146,41.58493,0.267923
1.8,68.03,74.166667,7.164364,41.67032,0.267923
1.8,68.25,74.333333,7.180605,42.01188,0.267923
1.7,68.37,74.5,7.195768,42.35344,0.269771
1.5,68.51,74.666667,7.212293,42.52422,0.264228
1.6,69.01,74.833333,7.233628,41.49954,0.266075
1.7,68.79,75,7.243641,43.12195,0.275314
1.6,68.95,75.166667,7.259763,42.95117,0.271619
1.8,69.11,75.333333,7.275861,43.12195,0.271619
1.7,69.29,75.5,7.29186,43.46351,0.264228
1.8,69.43,75.666667,7.310414,43.80507,0.267923
1.8,69.57,75.833333,7.325011,43.63429,0.267923
1.6,70.15,76,7.340131,43.03656,0.267923
1.8,69.87,76.166667,7.356359,42.95117,0.264228
1.7,70.01,76.333333,7.372368,43.03656,0.267923
1.9,70.11,76.5,7.388453,42.95117,0.267923
1.9,70.35,76.666667,7.408336,43.29273,0.258684
1.9,70.45,76.833333,7.420905,42.43883,0.267923
1.8,70.57,77,7.438128,42.43883,0.243902
1.5,70.75,77.166667,7.452384,41.92649,0.275314
1.8,70.89,77.333333,7.468677,41.8411,0.269771
1.6,71.09,77.5,7.484237,41.67032,0.267923
1.8,71.23,77.666667,7.500472,41.49954,0.271619
1.4,71.47,77.833333,7.516736,41.58493,0.269771
1.7,71.25,78,7.534207,42.01188,0.227273
1.9,71.63,78.166667,7.548742,41.8411,0.243902
1.5,71.87,78.333333,7.564203,41.67032,0.264228
1.6,71.95,78.5,7.580554,41.75571,0.284553
1.6,72.11,78.666667,7.595883,42.35344,0.26238
1.9,72.25,78.833333,7.62063,42.695,0.271619
1.8,72.53,79,7.627706,42.95117,0.275314
1.5,72.67,79.166667,7.646735,42.695,0.271619
1.6,72.73,79.333333,7.659975,43.37812,0.267923
1.7,72.91,79.5,7.676368,43.46351,0.267923
1.7,73.09,79.666667,7.693626,43.20734,0.271619
1.8,73.25,79.833333,7.708216,43.5489,0.264228
1.6,73.57,80,7.726593,43.12195,0.269771
1.6,73.55,80.166667,7.740161,43.46351,0.266075
1.5,73.69,80.333333,7.756521,43.5489,0.266075
1.4,73.81,80.5,7.773165,43.29273,0.269771
1.7,74.07,80.666667,7.788441,42.95117,0.269771
1.7,74.11,80.833333,7.808575,43.46351,0.27901
1.7,74.23,81,7.828471,42.86578,0.273466
1.7,74.25,81.166667,7.836987,42.26805,0.290096
1.8,74.63,81.333333,7.852489,42.18266,0.269771
1.6,74.71,81.5,7.868927,42.18266,0.271619
1.6,74.93,81.666667,7.88434,40.9872,0.267923
1.6,75.03,81.833333,7.900595,42.09727,0.271619
1.6,75.19,82,7.928847,41.92649,0.251293
1.5,75.31,82.166667,7.936331,42.43883,0.277162
1.8,75.51,82.333333,7.948664,41.41415,0.243902
1.6,75.65,82.5,7.964006,41.8411,0.277162
1.6,75.87,82.666667,7.980629,42.18266,0.273466
1.5,75.99,82.833333,7.995937,42.01188,0.271619
1.6,76.13,83,8.012573,42.35344,0.269771
1.8,76.25,83.166667,8.036439,42.35344,0.291944
1.6,76.35,83.333333,8.044477,42.86578,0.293792
2.1,76.51,83.5,8.060725,43.12195,0.271619
1.7,76.81,83.666667,8.075993,42.695,0.266075
1.7,77.09,83.833333,8.092517,43.12195,0.254989
1.8,77.11,84,8.107949,43.46351,0.269771
1.6,77.29,84.166667,8.124191,43.20734,0.26238
1.9,77.43,84.333333,8.141177,43.37812,0.267923
1.6,77.53,84.5,8.156512,43.03656,0.271619
1.8,77.61,84.666667,8.175352,43.29273,0.269771
1.6,77.75,84.833333,8.187659,42.695,0.275314
1.7,77.99,85,8.217571,41.8411,0.267923
1.8,78.03,85.166667,8.224396,43.37812,0.277162
1.7,78.29,85.333333,8.23652,42.18266,0.271619
1.6,78.45,85.5,8.252607,42.09727,0.269771
1.6,78.57,85.666667,8.267597,41.75571,0.271619
1.7,78.77,85.833333,8.283699,41.67032,0.27901
1.7,78.91,86,8.299898,41.75571,0.275314
1.7,79.03,86.166667,8.315986,41.49954,0.273466
1.6,79.67,86.333333,8.337155,42.26805,0.253141
1.6,79.09,86.5,8.348478,41.58493,0.271619
1.7,79.63,86.666667,8.364716,41.49954,0.269771
1.5,79.69,86.833333,8.3801,42.01188,0.269771
1.7,79.87,87,8.396249,42.26805,0.269771
1.4,79.97,87.166667,8.412368,42.09727,0.271619
1.7,80.17,87.333333,8.428472,42.52422,0.269771
1.6,80.25,87.5,8.444666,42.60961,0.267923
1.7,80.39,87.666667,8.459776,42.95117,0.275314
1.6,80.63,87.833333,8.480562,42.26805,0.275314
1.8,80.73,88,8.492002,43.37812,0.271619
1.7,80.87,88.166667,8.509849,42.95117,0.277162
1.7,81.07,88.333333,8.524334,43.37812,0.256837
1.8,81.31,88.5,8.540612,40.81642,0.267923
1.7,81.33,88.666667,8.555682,43.12195,0.271619
1.7,81.47,88.833333,8.571688,43.29273,0.267923
1.8,81.71,89,8.590931,43.12195,0.304878
1.6,81.97,89.166667,8.608134,43.29273,0.271619
1.8,81.97,89.333333,8.62045,42.78039,0.275314
1.7,82.17,89.5,8.638329,42.01188,0.273466
1.5,82.31,89.666667,8.652593,42.18266,0.266075
1.5,82.41,89.833333,8.66792,41.8411,0.271619
1.9,82.29,90,8.68421,41.92649,0.271619
1.6,82.73,90.166667,8.700644,42.01188,0.269771
1.6,82.91,90.333333,8.715939,41.15798,0.291944
1.6,83.09,90.5,8.732302,41.49954,0.277162
1.6,83.17,90.666667,8.748678,41.67032,0.271619
1.6,83.39,90.833333,8.764018,41.58493,0.271619
1.5,83.51,91,8.782486,40.90181,0.275314
1.5,83.79,91.166667,8.79657,42.09727,0.254989
1.6,83.93,91.333333,8.821816,43.20734,0.273466
1.7,83.95,91.5,8.830459,43.03656,0.273466
1.6,84.07,91.666667,8.844494,42.52422,0.273466
1.8,84.31,91.833333,8.860546,42.78039,0.27901
1.8,84.47,92,8.876566,42.78039,0.271619
1.7,84.51,92.166667,8.894172,43.89046,0.234664
1.7,84.75,92.333333,8.908293,43.37812,0.266075
1.8,84.85,92.5,8.92451,43.29273,0.264228
1.6,85.13,92.666667,8.93966,43.20734,0.284553
1.5,85.19,92.833333,8.955753,43.03656,0.301183
1.6,85.35,93,8.971859,44.48819,0.273466
1.8,85.49,93.166667,8.988332,43.37812,0.266075
1.7,85.67,93.333333,9.008313,43.03656,0.267923
1.8,85.85,93.5,9.021647,42.95117,0.267923
1.7,86.01,93.666667,9.035995,41.8411,0.269771
2,86.05,93.833333,9.052658,41.75571,0.271619
1.7,86.31,94,9.068083,42.01188,0.267923
1.6,86.31,94.166667,9.08454,42.18266,0.256837
1.6,86.31,94.333333,9.100791,42.18266,0.273466
1.7,86.81,94.5,9.118506,42.26805,0.269771
1.6,86.89,94.666667,9.13435,41.92649,0.273466
1.7,87.05,94.833333,9.147978,41.75571,0.30303
1.7,87.27,95,9.16427,41.67032,0.264228
1.7,87.31,95.166667,9.180528,41.8411,0.267923
1.6,87.47,95.333333,9.197409,40.73103,0.271619
1.4,87.67,95.5,9.212407,41.8411,0.26238
1.7,87.79,95.666667,9.228955,42.09727,0.267923
1.4,87.87,95.833333,9.245414,43.80507,0.271619
1.6,88.13,96,9.260667,42.95117,0.269771
2,88.27,96.166667,9.275898,42.95117,0.273466
1.7,88.85,96.333333,9.292144,43.20734,0.271619
1.9,89.11,96.5,9.308553,43.20734,0.271619
1.8,88.73,96.666667,9.323847,43.46351,0.269771
1.5,88.87,96.833333,9.340104,43.37812,0.264228
1.7,89.07,97,9.356609,43.37812,0.267923
1.7,89.19,97.166667,9.371877,43.20734,0.269771
1.6,89.33,97.333333,9.388057,42.78039,0.269771
1.5,89.53,97.5,9.418822,42.18266,0.267923
1.9,89.55,97.666667,9.425571,43.03656,0.269771
1.6,89.69,97.833333,9.4362,42.26805,0.284553
1.7,89.73,98,9.45269,42.35344,0.275314
1.5,90.09,98.166667,9.467936,41.92649,0.256837
1.6,90.23,98.333333,9.483991,41.92649,0.267923
1.5,90.25,98.5,9.501688,42.01188,0.271619
1.7,90.57,98.666667,9.515751,41.49954,0.273466
1.6,90.75,98.833333,9.53577,42.86578,0.271619
1.8,91.09,99,9.548296,41.75571,0.286401
1.8,90.95,99.166667,9.564401,42.09727,0.256837
1.7,91.13,99.333333,9.58043,41.67032,0.269771
1.8,91.01,99.5,9.596721,41.8411,0.271619
1.6,91.47,99.666667,9.613384,42.18266,0.273466
1.2,91.59,99.833333,9.627636,42.695,0.273466
1.7,91.81,100,9.644241,42.60961,0.280857
1.5,91.89,100.166667,9.660398,42.695,0.264228
1.7,92.11,100.333333,9.676527,43.29273,0.269771
1.8,92.15,100.5,9.697816,41.58493,0.286401
1.8,92.39,100.666667,9.715181,42.01188,0.27901
1.7,92.45,100.833333,9.723531,43.46351,0.275314
1.8,92.69,101,9.740485,43.29273,0.269771
1.6,92.83,101.166667,9.757142,43.5489,0.273466
1.7,93.07,101.333333,9.772211,43.46351,0.267923
1.7,93.13,101.5,9.788247,42.86578,0.271619
1.8,93.33,101.666667,9.810051,42.695,0.273466
1.7,93.43,101.833333,9.820011,42.695,0.269771
1.8,94.13,102,9.837716,42.95117,0.269771
1.7,93.77,102.166667,9.851992,42.35344,0.275314
1.6,93.99,102.333333,9.868092,42.09727,0.271619
1.6,94.07,102.5,9.884176,42.09727,0.238359
1.7,94.21,102.666667,9.900532,42.26805,0.267923
1.6,94.39,102.833333,9.916533,42.09727,0.267923
1.6,94.43,103,9.932559,41.75571,0.267923
1.7,95.09,103.166667,9.949645,41.41415,0.267923
1.9,94.81,103.333333,9.963704,41.67032,0.277162
1.8,95.01,103.5,9.980053,42.60961,0.264228
1.6,95.17,103.666667,9.996657,41.75571,0.267923
1.5,95.37,103.833333,10.021463,43.29273,0.269771
1.7,95.35,104,10.028279,42.35344,0.266075
1.6,95.63,104.166667,10.045655,41.07259,0.273466
1.8,95.75,104.333333,10.059633,42.86578,0.275314
1.9,95.93,104.5,10.075638,42.86578,0.269771
1.7,96.07,104.666667,10.091693,43.20734,0.293792
1.7,96.17,104.833333,10.10802,43.03656,0.267923
1.7,96.41,105,10.124156,43.29273,0.271619
1.7,96.41,105.166667,10.140168,43.63429,0.266075
1.6,96.67,105.333333,10.15636,43.71968,0.267923
1.5,96.79,105.5,10.172367,43.37812,0.297487
1.8,96.93,105.666667,10.18842,44.4028,0.264228
1.9,96.91,105.833333,10.210015,43.03656,0.267923
1.8,97.07,106,10.221054,43.20734,0.273466
1.8,97.41,106.166667,10.236231,42.09727,0.273466
1.8,97.59,106.333333,10.252289,42.26805,0.267923
1.7,97.75,106.5,10.268325,42.43883,0.269771
1.7,97.91,106.666667,10.284321,42.09727,0.254989
1.5,98.03,106.833333,10.300326,41.15798,0.264228
1.8,98.19,107,10.317365,42.18266,0.269771
1.8,98.39,107.166667,10.333521,42.09727,0.251293
1.8,98.53,107.333333,10.349202,42.35344,0.267923
1.6,98.65,107.5,10.364251,41.75571,0.264228
1.7,98.81,107.666667,10.380238,41.58493,0.273466
1.8,98.95,107.833333,10.396403,41.75571,0.267923
1.6,99.17,108,10.412213,42.01188,0.271619
1.7,99.25,108.166667,10.431596,42.01188,0.275314
1.7,99.45,108.333333,10.443999,42.26805,0.275314
1.5,99.65,108.5,10.459943,42.695,0.267923
1.8,99.71,108.666667,10.475945,42.695,0.271619
1.7,99.93,108.833333,10.491973,43.03656,0.286401
2,100.07,109,10.508055,43.03656,0.271619
1.7,100.19,109.166667,10.524048,43.20734,0.264228
1.8,100.43,109.333333,10.542361,42.43883,0.269771
1.6,100.49,109.5,10.556409,43.5489,0.267923
1.7,100.67,109.666667,10.5726,45.17131,0.271619
1.6,100.77,109.833333,10.587879,44.4028,0.264228
1.7,101.07,110,10.618749,42.60961,0.271619
1.7,100.97,110.166667,10.626576,43.71968,0.260532
1.9,101.15,110.333333,10.63765,42.86578,0.269771
1.7,101.49,110.5,10.651951,42.60961,0.269771
1.5,101.61,110.666667,10.66801,42.35344,0.269771
1.7,101.83,110.833333,10.684002,42.35344,0.264228
1.6,101.89,111,10.700068,42.86578,0.273466
1.6,102.05,111.166667,10.716272,42.18266,0.273466
1.6,102.23,111.333333,10.732313,41.92649,0.271619
1.4,102.35,111.5,10.748388,41.92649,0.269771
1.8,102.49,111.666667,10.764387,41.75571,0.266075
1.8,102.63,111.833333,10.78063,41.75571,0.269771
1.6,102.89,112,10.795663,41.58493,0.27901
1.4,103.09,112.166667,10.811644,42.18266,0.293792
1.6,102.87,112.333333,10.828549,41.92649,0.264228
1.7,103.19,112.5,10.846041,41.8411,0.271619
1.7,103.41,112.666667,10.860069,42.695,0.271619
1.8,103.67,112.833333,10.876391,42.695,0.266075
1.7,103.63,113,10.892485,42.60961,0.269771
1.6,103.87,113.166667,10.910786,42.52422,0.290096
1.7,104.05,113.333333,10.925815,42.95117,0.271619
1.4,104.21,113.5,10.940108,43.5489,0.264228
1.6,104.37,113.666667,10.95624,43.29273,0.269771
1.8,104.71,113.833333,10.972234,43.20734,0.264228
1.8,105.05,114,10.989138,42.43883,0.264228
1.8,104.87,114.166667,11.008316,43.03656,0.269771
1.6,105.03,114.333333,11.020461,43.37812,0.266075
1.6,105.17,114.5,11.048361,41.67032,0.267923
1.7,105.23,114.666667,11.055074,43.37812,0.269771
1.8,105.45,114.833333,11.068107,42.52422,0.271619
1.5,105.63,115,11.084104,42.35344,0.271619
1.6,105.83,115.166667,11.100106,42.26805,0.269771
1.7,105.95,115.333333,11.116206,42.43883,0.266075
1.9,106.09,115.5,11.132211,42.01188,0.271619
1.7,106.21,115.666667,11.148282,41.92649,0.275314
1.6,106.31,115.833333,11.164354,41.75571,0.271619
1.7,106.51,116,11.180366,41.8411,0.271619
1.7,106.69,116.166667,11.198398,41.75571,0.269771
1.7,106.89,116.333333,11.225443,43.03656,0.266075
1.5,106.95,116.5,11.232212,41.75571,0.269771
1.7,107.11,116.666667,11.244158,42.18266,0.267923
1.6,107.27,116.833333,11.26021,42.52422,0.267923
1.5,107.39,117,11.276314,42.695,0.267923
1.8,107.53,117.166667,11.292301,42.78039,0.266075
1.5,107.75,117.333333,11.309235,42.95117,0.271619
1.6,107.81,117.5,11.324275,43.29273,0.267923
1.7,107.97,117.666667,11.340603,43.37812,0.267923
1.8,108.29,117.833333,11.359212,42.86578,0.267923
1.7,108.33,118,11.371926,43.46351,0.269771
1.7,108.51,118.166667,11.387974,43.71968,0.266075
2,108.73,118.333333,11.408907,42.52422,0.269771
1.7,108.81,118.5,11.41983,43.20734,0.271619
1.8,108.89,118.666667,11.435971,41.41415,0.273466
1.7,109.19,118.833333,11.451974,42.95117,0.273466
1.6,109.33,119,11.468358,42.86578,0.269771
1.7,109.39,119.166667,11.484397,42.52422,0.26238
1.6,109.69,119.333333,11.510054,42.52422,0.267923
1.5,109.89,119.5,11.526576,42.43883,0.267923
1.5,109.85,119.666667,11.533843,42.26805,0.269771
1.5,110.11,119.833333,11.547927,41.75571,0.271619
1.7,110.29,120,11.564016,41.92649,0.277162
1.6,110.37,120.166667,11.580084,42.01188,0.271619
1.7,110.53,120.333333,11.596159,42.01188,0.266075
2,110.71,120.5,11.612172,41.8411,0.271619
1.6,110.87,120.666667,11.628265,42.01188,0.275314
1.5,110.95,120.833333,11.644286,42.26805,0.273466
1.6,111.11,121,11.662057,42.43883,0.271619
1.4,111.27,121.166667,11.676368,42.60961,0.267923
1.7,111.47,121.333333,11.692348,43.03656,0.273466
1.8,111.51,121.5,11.708488,43.20734,0.273466
1.9,111.69,121.666667,11.72471,43.29273,0.282705
1.8,112.03,121.833333,11.73975,43.20734,0.277162
1.6,112.05,122,11.755792,43.20734,0.269771
1.8,112.35,122.166667,11.771955,43.63429,0.264228
1.5,112.31,122.333333,11.787983,43.5489,0.240207
1.7,112.53,122.5,11.820801,43.63429,0.271619
1.7,112.69,122.666667,11.839009,44.31741,0.267923
1.4,112.47,122.833333,11.854121,42.86578,0.267923
1.8,113.03,123,11.86917,43.29273,0.271619
1.7,113.15,123.166667,11.88544,43.20734,0.269771
1.7,113.29,123.333333,11.901448,42.695,0.271619
1.7,113.37,123.5,11.919422,43.03656,0.264228
1.5,113.63,123.666667,11.93345,42.43883,0.267923
1.7,113.69,123.833333,11.94977,43.71968,0.271619
1.6,114.17,124,11.965943,41.75571,0.291944
1.6,113.99,124.166667,11.980983,41.75571,0.269771
1.8,114.17,124.333333,11.997136,41.92649,0.267923
1.8,114.31,124.5,12.014639,41.92649,0.267923
1.8,114.51,124.666667,12.028957,41.8411,0.269771
1.9,114.63,124.833333,12.04495,42.52422,0.269771
1.4,114.79,125,12.060951,41.92649,0.273466
1.6,114.85,125.166667,12.077301,42.26805,0.267923
1.4,115.17,125.333333,12.093416,42.52422,0.271619
1.6,115.29,125.5,12.110188,42.43883,0.275314
1.4,115.37,125.666667,12.126913,41.24337,0.267923
1.7,115.55,125.833333,12.140944,43.20734,0.273466
1.6,115.77,126,12.157038,43.03656,0.273466
1.8,115.85,126.166667,12.173294,43.37812,0.267923
1.8,116.03,126.333333,12.189298,43.37812,0.273466
1.9,116.17,126.5,12.208639,42.695,0.275314
1.3,116.27,126.666667,12.221747,43.63429,0.254989
1.7,116.55,126.833333,12.237836,43.20734,0.269771
1.6,116.61,127,12.255705,43.29273,0.271619
1.9,116.81,127.166667,12.269007,43.12195,0.269771
1.9,116.89,127.333333,12.285017,43.20734,0.273466
1.7,117.11,127.5,12.30098,42.78039,0.282705
1.6,117.29,127.666667,12.317542,42.52422,0.273466
1.6,117.43,127.833333,12.333564,42.35344,0.277162
1.4,117.69,128,12.3497,42.18266,0.271619
1.6,117.75,128.166667,12.366484,42.35344,0.269771
1.8,117.93,128.333333,12.381494,42.18266,0.275314
1.7,118.09,128.5,12.39779,41.67032,0.269771
1.7,118.39,128.666667,12.424045,42.78039,0.271619
1.8,118.29,128.833333,12.431897,42.695,0.269771
1.8,118.47,129,12.446118,40.90181,0.267923
1.7,118.63,129.166667,12.461102,42.09727,0.271619
1.6,118.81,129.333333,12.477195,42.26805,0.266075
1.9,118.93,129.5,12.493235,42.43883,0.273466
1.7,118.73,129.666667,12.510725,42.09727,0.275314
1.5,119.29,129.833333,12.525793,42.26805,0.271619
1.7,119.01,130,12.542065,42.52422,0.271619
1.6,119.53,130.166667,12.557276,42.01188,0.266075
1.5,119.79,130.333333,12.573386,43.29273,0.280857
1.5,119.91,130.5,12.589475,43.12195,0.271619
1.9,120.25,130.666667,12.614016,41.75571,0.251293
1.6,120.09,130.833333,12.620691,43.5489,0.27901
1.7,120.41,131,12.637776,43.5489,0.269771
1.7,120.45,131.166667,12.654143,43.37812,0.27901
1.7,120.69,131.333333,12.669623,43.20734,0.273466
1.7,120.79,131.5,12.685693,43.03656,0.271619
1.8,121.05,131.666667,12.71467,41.92649,0.273466
1.7,121.07,131.833333,12.721837,43.5489,0.286401
1.5,121.31,132,12.73389,42.52422,0.273466
1.6,121.51,132.166667,12.749868,42.35344,0.267923
1.6,121.61,132.333333,12.766345,41.32876,0.275314
1.8,121.77,132.5,12.781403,42.09727,0.275314
1.7,121.91,132.666667,12.797452,41.92649,0.271619
1.8,121.83,132.833333,12.813414,41.15798,0.260532
1.6,122.13,133,12.829648,41.67032,0.275314
1.9,122.41,133.166667,12.845811,42.26805,0.269771
1.6,122.27,133.333333,12.863215,41.8411,0.277162
1.7,122.69,133.5,12.877329,42.01188,0.269771
1.7,122.83,133.666667,12.893301,42.18266,0.273466
1.6,122.95,133.833333,12.909592,42.695,0.269771
1.5,123.09,134,12.925698,42.78039,0.266075
1.5,123.25,134.166667,12.941695,43.03656,0.266075
1.8,123.43,134.333333,12.957789,42.60961,0.269771
1.6,123.43,134.5,12.975237,42.43883,0.271619
1.7,123.71,134.666667,12.98933,43.37812,0.260532
1.5,123.95,134.833333,13.019851,42.86578,0.271619
1.5,123.93,135,13.02727,42.26805,0.277162
1.5,124.09,135.166667,13.039755,43.20734,0.275314
1.5,124.31,135.333333,13.053123,43.63429,0.258684
1.6,124.51,135.5,13.069129,43.20734,0.267923
1.6,124.61,135.666667,13.085168,43.63429,0.271619
1.8,124.81,135.833333,13.101185,42.95117,0.269771
1.9,124.91,136,13.117175,42.60961,0.271619
1.6,125.19,136.166667,13.133426,42.43883,0.273466
1.7,125.25,136.333333,13.149553,42.43883,0.271619
1.7,125.49,136.5,13.165665,42.01188,0.273466
1.7,125.65,136.666667,13.181757,41.92649,0.273466
1.8,125.75,136.833333,13.197817,42.09727,0.271619
1.8,125.85,137,13.213341,41.75571,0.275314
1.7,126.07,137.166667,13.231139,42.18266,0.275314
1.7,126.17,137.333333,13.24551,41.75571,0.269771
1.8,126.31,137.5,13.261488,42.09727,0.269771
1.9,126.75,137.666667,13.278994,41.75571,0.267923
1.5,126.63,137.833333,13.293126,42.35344,0.271619
1.8,126.79,138,13.317776,42.52422,0.277162
1.4,126.89,138.166667,13.325933,42.09727,0.243902
1.7,127.13,138.333333,13.340954,42.86578,0.271619
1.7,127.29,138.5,13.357046,43.12195,0.273466
1.8,127.47,138.666667,13.373145,43.03656,0.266075
1.8,127.59,138.833333,13.389186,43.37812,0.273466
1.5,127.67,139,13.409045,42.60961,0.271619
1.8,127.83,139.166667,13.421071,43.46351,0.267923
1.6,128.01,139.333333,13.437204,43.29273,0.267923
1.7,128.35,139.5,13.453348,43.46351,0.280857
1.8,128.39,139.666667,13.47096,41.49954,0.269771
1.7,128.51,139.833333,13.485061,43.03656,0.267923
1.8,128.63,140,13.501084,42.78039,0.273466
1.8,128.83,140.166667,13.517168,42.43883,0.275314
1.9,129.05,140.333333,13.533475,42.52422,0.267923
1.6,129.13,140.5,13.549786,42.26805,0.282705
1.6,129.31,140.666667,13.565909,42.695,0.271619
1.9,129.47,140.833333,13.589784,42.95117,0.271619
1.9,129.47,141,13.597698,42.09727,0.267923
1.6,129.61,141.166667,13.626925,42.09727,0.269771
1.8,129.75,141.333333,13.635088,43.12195,0.271619
1.8,129.87,141.5,13.645991,41.32876,0.269771
1.7,130.19,141.666667,13.661189,41.75571,0.271619
1.6,130.29,141.833333,13.677225,41.92649,0.267923
1.8,130.43,142,13.693345,42.26805,0.267923
1.3,130.61,142.166667,13.709545,42.18266,0.267923
1.5,130.87,142.333333,13.725618,41.58493,0.269771
1.4,130.97,142.5,13.743121,42.26805,0.266075
1.7,131.05,142.666667,13.757178,42.95117,0.271619
1.7,131.01,142.833333,13.774484,42.78039,0.26238
1.8,131.47,143,13.789654,42.95117,0.273466
1.9,131.61,143.166667,13.810031,42.18266,0.273466
2,131.65,143.333333,13.822591,43.03656,0.273466
1.6,131.91,143.5,13.837012,43.46351,0.271619
1.5,132.09,143.666667,13.853118,43.5489,0.269771
1.8,132.17,143.833333,13.869145,43.5489,0.273466
1.9,132.37,144,13.885498,43.12195,0.24575
1.6,132.57,144.166667,13.911001,41.8411,0.267923
1.6,132.61,144.333333,13.918232,43.12195,0.266075
1.7,132.83,144.5,13.937267,43.29273,0.264228
1.7,132.99,144.666667,13.949653,42.35344,0.267923
1.6,133.09,144.833333,13.965731,42.09727,0.271619
1.9,133.37,145,13.981746,42.09727,0.271619
1.9,133.51,145.166667,13.998583,41.58493,0.271619
1.6,133.45,145.333333,14.014234,42.01188,0.267923
1.6,133.65,145.5,14.029252,41.67032,0.271619
1.6,133.89,145.666667,14.047252,41.92649,0.269771
1.9,134.01,145.833333,14.061249,41.75571,0.267923
1.7,133.85,146,14.086279,43.71968,0.267923
1.7,134.19,146.166667,14.094879,41.58493,0.273466
1.7,134.45,146.333333,14.109093,42.18266,0.269771
1.6,134.63,146.5,14.125129,43.12195,0.267923
1.6,134.83,146.666667,14.141143,42.78039,0.271619
1.7,134.91,146.833333,14.157209,43.12195,0.266075
1.9,135.09,147,14.173258,42.95117,0.267923
1.7,135.21,147.166667,14.191493,41.49954,0.267923
1.8,135.49,147.333333,14.219935,43.5489,0.266075
1.6,135.33,147.5,14.226942,41.92649,0.273466
1.9,135.69,147.666667,14.236808,43.20734,0.266075
1.7,135.85,147.833333,14.255101,41.92649,0.266075
1.6,135.95,148,14.269178,43.46351,0.271619
1.7,136.07,148.166667,14.285219,43.5489,0.267923
1.9,137.35,148.333333,14.301195,43.03656,0.273466
1.6,136.37,148.5,14.317288,42.52422,0.271619
1.7,136.67,148.666667,14.333311,42.52422,0.269771
1.7,136.95,148.833333,14.349734,42.60961,0.269771
1.7,136.99,149,14.365922,42.09727,0.264228
1.7,137.03,149.166667,14.381015,42.09727,0.273466
1.8,137.17,149.333333,14.39713,41.92649,0.271619
1.8,137.35,149.5,14.413197,41.8411,0.269771
1.9,137.39,149.666667,14.430397,41.92649,0.275314
1.6,137.65,149.833333,14.445549,41.58493,0.269771
1.8,137.85,150,14.462033,41.49954,0.273466
1.8,137.83,150.166667,14.477165,41.8411,0.275314
1.8,138.07,150.333333,14.493257,42.09727,0.267923
1.7,138.87,150.5,14.514695,40.38947,0.258684
1.3,138.39,150.666667,14.525182,42.43883,0.273466
1.8,138.57,150.833333,14.541294,42.52422,0.269771
1.7,138.85,151,14.559218,42.78039,0.234664
1.7,138.81,151.166667,14.573253,42.86578,0.277162
1.8,138.97,151.333333,14.58932,43.03656,0.271619
1.4,139.25,151.5,14.60922,41.67032,0.266075
2,139.23,151.666667,14.621256,43.29273,0.267923
1.8,139.47,151.833333,14.637357,43.5489,0.271619
1.7,139.49,152,14.65336,43.46351,0.277162
1.7,139.85,152.166667,14.669624,43.5489,0.269771
1.5,139.95,152.333333,14.685858,43.37812,0.271619
1.6,140.11,152.5,14.703828,43.5489,0.269771
1.9,140.23,152.666667,14.717316,43.37812,0.271619
1.8,140.37,152.833333,14.733318,42.78039,0.271619
1.9,140.53,153,14.749481,42.35344,0.26238
1.7,140.77,153.166667,14.766084,42.18266,0.242055
1.6,140.87,153.333333,14.781128,42.01188,0.288248
1.9,140.97,153.5,14.797145,42.09727,0.269771
2,141.27,153.666667,14.8266,41.67032,0.267923
1.8,141.21,153.833333,14.833382,42.78039,0.27901
1.7,141.61,154,14.845598,41.75571,0.275314
1.6,141.53,154.166667,14.863571,41.8411,0.267923
1.7,141.75,154.333333,14.877941,42.01188,0.269771
1.4,141.97,154.5,14.893206,41.8411,0.269771
1.8,142.09,154.666667,14.909226,41.75571,0.273466
1.7,142.21,154.833333,14.925291,42.60961,0.267923
1.6,142.37,155,14.941293,42.52422,0.267923
1.8,142.57,155.166667,14.959158,42.86578,0.27901
2.2,142.59,155.333333,14.97323,42.695,0.267923
1.6,142.81,155.5,14.989397,43.12195,0.273466
1.6,143.27,155.666667,15.010082,42.52422,0.267923
1.6,143.15,155.833333,15.022547,41.8411,0.277162
1.8,143.25,156,15.037618,43.20734,0.269771
2,143.47,156.166667,15.053645,43.5489,0.277162
1.9,143.65,156.333333,15.069832,43.46351,0.273466
1.8,143.83,156.5,15.085818,42.52422,0.269771
1.7,143.85,156.666667,15.112033,40.30408,0.267923
1.9,144.07,156.833333,15.119261,43.12195,0.277162
1.9,144.15,157,15.133339,42.78039,0.271619
1.9,144.37,157.166667,15.151712,43.46351,0.267923
1.5,144.53,157.333333,15.165004,42.86578,0.269771
1.9,144.69,157.5,15.180976,42.09727,0.271619
1.9,144.91,157.666667,15.197071,42.09727,0.267923
2,144.99,157.833333,15.21315,41.8411,0.26238
2,144.95,158,15.229243,41.92649,0.273466
1.8,145.33,158.166667,15.245277,41.92649,0.275314
1.9,146.03,158.333333,15.262913,40.9872,0.275314
1.6,145.69,158.5,15.277154,41.67032,0.267923
2.1,145.75,158.666667,15.297446,42.43883,0.269771
1.7,145.99,158.833333,15.309944,41.67032,0.236511
1.9,146.07,159,15.32499,42.43883,0.269771
1.4,146.23,159.166667,15.340996,42.43883,0.267923
1.8,146.41,159.333333,15.357174,42.60961,0.269771
2.1,146.47,159.5,15.373315,42.78039,0.27901
2,146.67,159.666667,15.389394,42.95117,0.273466
2,146.85,159.833333,15.423203,42.60961,0.264228
2.1,146.95,160,15.439603,42.86578,0.269771
2.1,147.07,160.166667,15.457816,42.78039,0.258684
2.1,147.25,160.333333,15.472028,43.03656,0.273466
2.1,147.37,160.5,15.488068,43.03656,0.267923
2.1,147.61,160.666667,15.504053,43.5489,0.26238
2,147.85,160.833333,15.520028,43.46351,0.269771
1.7,148.01,161,15.536007,42.86578,0.267923
1.8,148.11,161.166667,15.552101,44.4028,0.251293
1.9,148.25,161.333333,15.568193,43.20734,0.275314
1.8,148.29,161.5,15.583205,42.86578,0.271619
1.9,148.55,161.666667,15.599503,42.95117,0.275314
2.2,148.65,161.833333,15.618537,43.46351,0.273466
2.5,148.73,162,15.631802,42.35344,0.273466
2.6,148.95,162.166667,15.647882,42.43883,0.273466
3,149.37,162.333333,15.664002,42.26805,0.260532
3,149.29,162.5,15.680014,42.01188,0.269771
3,149.49,162.666667,15.696006,41.75571,0.264228
3.2,149.47,162.833333,15.713992,42.60961,0.30303
3.3,149.63,163,15.727712,42.18266,0.266075
3.2,149.91,163.166667,15.743926,41.75571,0.271619
3.3,149.99,163.333333,15.761345,41.67032,0.280857
3.3,150.15,163.5,15.775571,42.01188,0.269771
3.2,150.35,163.666667,15.79159,42.18266,0.26238
3.5,150.65,163.833333,15.810695,41.75571,0.269771
3.6,150.37,164,15.823879,42.60961,0.271619
3.7,150.85,164.166667,15.839941,42.78039,0.275314
3.6,150.99,164.333333,15.856023,42.09727,0.273466
3.6,151.19,164.5,15.872111,43.03656,0.273466
3.7,151.29,164.666667,15.88818,43.20734,0.267923
3.8,151.47,164.833333,15.905645,43.03656,0.267923
3.5,151.63,165,15.919957,43.5489,0.267923
3.6,151.83,165.166667,15.935988,43.20734,0.271619
3.5,151.93,165.333333,15.951999,43.37812,0.266075
3.6,152.17,165.5,15.968294,43.20734,0.269771
3.9,152.11,165.666667,15.983323,43.29273,0.27901
4.4,152.35,165.833333,15.999386,42.95117,0.275314
4.3,152.55,166,16.030851,42.18266,0.269771
4.6,152.57,166.166667,16.037636,43.20734,0.273466
4.3,152.75,166.333333,16.047678,42.35344,0.269771
4.8,152.99,166.5,16.072559,42.35344,0.271619
4.8,153.05,166.666667,16.08013,42.18266,0.269771
5,153.27,166.833333,16.096242,42.09727,0.269771
